angry,disgust,fear,happy,sad,surprise,neutral,face_position_x,face_position_y,center_closeness
0.026,0.0,0.396,0.001,0.033,0.001,0.543,279.0,109.0,0.6568345879899898
0.994,0.0,0.001,0.0,0.004,0.0,0.002,494.0,304.0,0.5365078209937086
0.001,0.0,0.582,0.003,0.358,0.001,0.055,491.0,330.0,0.5169045125443625
